reaction	linear_coefficient
r_0001	1.0
r_0002	0.0362019756337698
r_0003	0.10647594504484849
r_0004	0.03317386224098684
r_0005	0.00919481039421997
r_0006	0.7403312759491498
r_0007	0.052666707734477666
r_0008	0.052666707734477666
r_0009	0.052666707734477666
r_0010	0.052666707734477666
r_0011	0.2691803611390999
r_0012	0.2691803611390999
r_0013	0.2691803611390999
r_0014	0.2691803611390999
r_0015	0.13976786674925595
r_0016	0.0027654236856073946
r_0017	0.0014551082539111249
r_0018	1.0
r_0019	0.00917411243929229
r_0020	0.0705669007569365
r_0021	0.4669679286093121
r_0022	0.17733611777807962
r_0023	0.3161771008848877
r_0024	0.09361162912960061
r_0025	0.011319228906775558
r_0026	0.1519095529424385
r_0027	0.17611956684276264
r_0028	0.0066983607386285424
r_0029	0.10842248005164037
r_0030	0.10842248005164037
r_0031	0.0362019756337698
r_0032	0.11258901253291441
r_0033	0.011999050969468706
r_0034	0.033527270579694325
r_0035	0.02082588873930587
r_0036	0.02082588873930587
r_0037	0.031080821364630737
r_0038	0.031080821364630737
r_0039	0.13066040590376307
r_0040	0.03789413085550315
r_0041	0.03789413085550315
r_0042	0.01106351186359756
r_0043	0.01106351186359756
r_0044	0.05601069983757438
r_0045	0.012209807112090425
r_0046	0.01106351186359756
r_0047	0.02007731294328515
r_0048	0.04550663052549383
r_0049	0.02082588873930587
r_0050	0.02082588873930587
r_0051	0.04550663052549383
r_0052	0.04045815723584802
r_0053	0.04045815723584802
r_0054	0.008975897104036361
r_0055	0.05601069983757438
r_0056	0.01125116668910154
r_0057	0.008623781826094978
r_0058	0.005654112873294026
r_0059	0.008646143759445998
r_0060	0.0433459913456453
r_0061	0.07048821858980492
r_0062	0.007388170847427365
r_0063	0.054051021799006296
r_0064	0.003234636233994622
r_0065	0.015209996584037077
r_0066	0.054051021799006296
r_0067	0.01125116668910154
r_0068	0.031106538195208012
r_0069	0.005654112873294026
r_0070	0.052666707734477666
r_0071	0.05347319994757738
r_0072	0.056182998366598645
r_0073	0.004984498738822403
r_0074	0.006631986507412567
r_0075	0.008604694140732304
r_0076	0.03261890687523754
r_0077	0.006631986507412567
r_0078	0.006631986507412567
r_0079	0.04449954872552718
r_0080	0.17733611777807962
r_0081	0.17611956684276264
r_0082	0.006631986507412567
r_0083	0.006964566287832072
r_0084	0.17611956684276264
r_0085	0.008872318232055068
r_0086	0.01620414220787741
r_0087	0.006696651587788893
r_0088	0.010020973149102694
r_0089	0.019541515372036928
r_0090	0.01495073276393741
r_0091	0.006631986507412567
r_0092	0.1519095529424385
r_0093	0.04577417852540009
r_0094	0.06839889136513126
r_0095	1.0
r_0096	0.1205349336227719
r_0097	0.11258901253291441
r_0098	0.1205349336227719
r_0099	0.012884339952900654
r_0100	0.012884339952900654
r_0101	0.002612595971230595
r_0102	0.07015381937949532
r_0103	0.046303999077456325
r_0104	0.046303999077456325
r_0105	0.1205349336227719
r_0106	0.16008753641101459
r_0107	0.16008753641101459
r_0108	0.17611956684276264
r_0109	0.16008753641101459
r_0110	0.062112366908789296
r_0111	0.047803770965659055
r_0112	0.08809729860643445
r_0113	0.03327155353651661
r_0114	0.0028235910779996582
r_0115	0.1519095529424385
r_0116	0.014389888854167603
r_0117	0.17611956684276264
r_0118	0.006934987893476117
r_0119	0.004576188929030831
r_0120	0.0021440826707071936
r_0121	0.031383181525355866
r_0122	0.008499513623114949
r_0123	0.04546728944192818
r_0124	0.09409116066229291
r_0125	0.017864090484705285
r_0126	0.017864090484705285
r_0127	0.017864090484705285
r_0128	0.03311186689848824
r_0129	0.0038830093195080535
r_0130	0.019837547176939006
r_0131	0.005247927618656365
r_0132	0.03283880161729214
r_0133	0.09409116066229291
r_0134	0.30220720079262575
r_0135	0.0009581003122140114
r_0136	0.0018970393927559247
r_0137	0.03317386224098684
r_0138	0.03789413085550315
r_0139	0.03317386224098684
r_0140	0.001361848764585059
r_0141	0.04550663052549383
r_0142	0.06124325067287042
r_0143	0.06124325067287042
r_0144	0.04259539034162158
r_0145	0.04259539034162158
r_0146	0.006440934544610897
r_0147	0.014365913501369119
r_0148	0.012995001075829645
r_0149	0.011630180559705387
r_0150	0.014365913501369119
r_0151	0.010473395610109893
r_0152	0.013168447535079278
r_0153	0.01771311324406361
r_0154	0.0014124702092617708
r_0155	0.00202110638537123
r_0156	0.0034595382034155716
r_0157	0.0034595382034155716
r_0158	0.02644587553784256
r_0159	0.054051021799006296
r_0160	0.17733611777807962
r_0161	0.011999050969468706
r_0162	0.015410701597623318
r_0163	0.30220720079262575
r_0164	0.011999050969468706
r_0165	0.17733611777807962
r_0166	0.009057116601739534
r_0167	0.033704305455740775
r_0168	0.033704305455740775
r_0169	0.033527270579694325
r_0170	0.033527270579694325
r_0171	0.05886235752309476
r_0172	0.006401593461045042
r_0173	0.04477318687693855
r_0174	0.007070391881664416
r_0175	0.01093161988143858
r_0176	0.014943707577651275
r_0177	0.022733179893580955
r_0178	0.005322811114222512
r_0179	0.01104384132181465
r_0180	0.01104384132181465
r_0181	0.07940205406554328
r_0182	0.014977949678399029
r_0183	0.009037446059956591
r_0184	0.0011727044429156199
r_0185	0.01104384132181465
r_0186	0.01104384132181465
r_0187	0.01104384132181465
r_0188	0.01104384132181465
r_0189	0.01104384132181465
r_0190	0.1389985267607515
r_0191	0.1389985267607515
r_0192	0.1389985267607515
r_0193	0.10383380780355447
r_0194	0.10383380780355447
r_0195	0.10383380780355447
r_0196	0.014389888854167603
r_0197	0.10383380780355447
r_0198	0.0017992429213203555
r_0199	0.0017992429213203555
r_0200	0.28114366472913166
r_0201	0.28114366472913166
r_0202	0.28114366472913166
r_0203	0.28114366472913166
r_0204	0.10383380780355447
r_0205	0.10383380780355447
r_0206	0.1389985267607515
r_0207	0.1389985267607515
r_0208	0.012257260256303037
r_0209	0.012257260256303037
r_0210	0.1389985267607515
r_0211	0.1389985267607515
r_0212	0.1389985267607515
r_0213	0.1389985267607515
r_0214	0.1389985267607515
r_0215	0.1389985267607515
r_0216	0.1389985267607515
r_0217	0.1389985267607515
r_0218	0.1389985267607515
r_0219	0.1389985267607515
r_0220	0.1389985267607515
r_0221	0.1389985267607515
r_0222	0.1389985267607515
r_0223	0.1389985267607515
r_0224	0.1389985267607515
r_0225	0.1389985267607515
r_0226	0.1389985267607515
r_0227	0.012257260256303037
r_0228	0.012257260256303037
r_0229	0.1389985267607515
r_0230	0.1389985267607515
r_0231	0.1389985267607515
r_0232	0.1389985267607515
r_0233	0.1389985267607515
r_0234	0.1389985267607515
r_0235	0.1389985267607515
r_0236	0.012257260256303037
r_0237	0.012257260256303037
r_0238	0.1389985267607515
r_0239	0.1389985267607515
r_0240	0.1389985267607515
r_0241	0.012257260256303037
r_0242	0.012257260256303037
r_0243	0.1389985267607515
r_0244	0.1389985267607515
r_0245	0.1389985267607515
r_0246	0.012257260256303037
r_0247	0.012257260256303037
r_0248	0.1389985267607515
r_0249	0.1389985267607515
r_0250	0.1389985267607515
r_0251	0.1389985267607515
r_0252	0.1389985267607515
r_0253	0.012257260256303037
r_0254	0.012257260256303037
r_0255	0.1389985267607515
r_0256	0.1389985267607515
r_0257	0.1389985267607515
r_0258	0.012257260256303037
r_0259	0.012257260256303037
r_0260	0.1389985267607515
r_0261	0.1389985267607515
r_0262	0.014389888854167603
r_0263	0.10383380780355447
r_0264	0.10383380780355447
r_0265	0.0008340172836421431
r_0266	0.10383380780355447
r_0267	0.014389888854167603
r_0268	0.10383380780355447
r_0269	0.10383380780355447
r_0270	0.10383380780355447
r_0271	0.10383380780355447
r_0272	0.0010256688438868378
r_0273	0.012257260256303037
r_0274	0.012257260256303037
r_0275	0.010512736693675747
r_0276	0.0010256688438868378
r_0277	0.0010256688438868378
r_0278	0.0011727044429156199
r_0279	0.0011727044429156199
r_0280	0.009037446059956591
r_0281	0.009037446059956591
r_0282	0.0011727044429156199
r_0283	0.0011727044429156199
r_0284	0.009037446059956591
r_0285	0.0011727044429156199
r_0286	0.0011727044429156199
r_0287	0.009037446059956591
r_0288	0.009037446059956591
r_0289	0.009037446059956591
r_0290	0.009037446059956591
r_0291	0.0011727044429156199
r_0292	0.0011727044429156199
r_0293	0.009037446059956591
r_0294	0.009037446059956591
r_0295	0.0011727044429156199
r_0296	0.0011727044429156199
r_0297	0.009037446059956591
r_0298	0.009037446059956591
r_0299	0.0011727044429156199
r_0300	0.0011727044429156199
r_0301	0.012257260256303037
r_0302	0.012257260256303037
r_0303	0.012257260256303037
r_0304	0.012257260256303037
r_0305	0.012257260256303037
r_0306	0.012257260256303037
r_0307	0.012257260256303037
r_0308	0.012257260256303037
r_0309	0.012257260256303037
r_0310	0.012257260256303037
r_0311	0.010345251829840816
r_0312	0.011977068491507129
r_0313	0.004524544974824908
r_0314	0.007019300437664042
r_0315	0.004524544974824908
r_0316	0.012111206905766609
r_0317	0.014267603989513038
r_0318	0.011837002503150302
r_0319	0.005160284232119371
r_0320	0.023055212817466565
r_0321	0.007203735642545689
r_0322	0.006367373200583992
r_0323	0.004160554761998405
r_0324	0.0013202526068209451
r_0325	0.009520932072916604
r_0326	0.005550738957934662
r_0327	0.01687251847650604
r_0328	0.014389888854167603
r_0329	0.011977068491507129
r_0330	0.014368162883128451
r_0331	0.009037446059956591
r_0332	0.0011727044429156199
r_0333	0.001614191547316962
r_0334	0.001614191547316962
r_0335	0.005850818291123228
r_0336	0.056182998366598645
r_0337	0.019266127787076023
r_0338	0.019266127787076023
r_0339	0.019266127787076023
r_0340	0.017198287831717715
r_0341	0.11924812260815029
r_0342	0.019506125887061316
r_0343	0.08347077616653324
r_0344	0.023143948000534396
r_0345	0.2691803611390999
r_0346	0.016754472821074725
r_0347	0.005968841541820787
r_0348	0.018941729294907655
r_0349	0.01823296089446861
r_0350	0.007522814342671616
r_0351	0.01823296089446861
r_0352	0.007522814342671616
r_0353	0.0072330241761473365
r_0354	0.0072330241761473365
r_0355	0.049086669129985896
r_0356	0.041416466148092565
r_0357	0.019506125887061316
r_0358	0.0059963969630884165
r_0359	0.04175351685387179
r_0360	0.014304491030489381
r_0361	0.018941729294907655
r_0362	0.006381922919262132
r_0363	0.0065582124254599155
r_0364	0.0059963969630884165
r_0365	0.04175351685387179
r_0366	0.008357492819709177
r_0367	0.008357492819709177
r_0368	0.005555760164379409
r_0369	0.00854568251538354
r_0370	0.0005818538332438398
r_0371	0.008650534766120982
r_0372	0.014304491030489381
r_0373	0.014800914802352738
r_0374	0.014800914802352738
r_0375	0.064731170464994
r_0376	0.0065582124254599155
r_0377	0.05697455638493757
r_0378	0.013168259834370205
r_0379	0.05697455638493757
r_0380	0.05697455638493757
r_0381	0.006381922919262132
r_0382	0.018941729294907655
r_0383	0.002941904655423433
r_0384	0.018941729294907655
r_0385	0.018941729294907655
r_0386	0.01517465509622826
r_0387	0.0037732408317469298
r_0388	0.0037732408317469298
r_0389	0.0032964767655296466
r_0390	0.0065582124254599155
r_0391	0.0065582124254599155
r_0392	0.0017002676600641957
r_0393	0.021017932488181592
r_0394	0.0202064175867023
r_0395	0.003599288104807943
r_0396	0.026485216621408385
r_0397	0.026485216621408385
r_0398	0.0007416272370753174
r_0399	1.0
r_0400	0.005850818291123228
r_0401	0.004447637474298047
r_0402	0.008023698228707295
r_0403	0.0202064175867023
r_0404	0.007214315432768982
r_0405	0.007214315432768982
r_0406	0.007214315432768982
r_0407	0.006067194250735372
r_0408	0.006067194250735372
r_0409	0.0202064175867023
r_0410	0.06553124206050846
r_0411	0.06553124206050846
r_0412	0.008329306555771429
r_0413	0.008329306555771429
r_0414	0.006113290530928497
r_0415	0.006113290530928497
r_0416	0.0011727044429156199
r_0417	0.009037446059956591
r_0418	0.0011727044429156199
r_0419	0.009037446059956591
r_0420	0.0011727044429156199
r_0421	0.009037446059956591
r_0422	0.0033183811647180877
r_0423	0.09992693969966646
r_0424	0.009037446059956591
r_0425	0.009037446059956591
r_0426	0.002526496729809427
r_0427	0.0022707796866314424
r_0428	0.0022707796866314424
r_0429	0.010512736693675747
r_0430	0.010512736693675747
r_0431	0.010512736693675747
r_0432	0.010512736693675747
r_0433	0.010512736693675747
r_0434	0.010512736693675747
r_0435	0.010512736693675747
r_0436	0.010512736693675747
r_0437	0.010512736693675747
r_0438	0.010512736693675747
r_0439	0.014389888854167603
r_0440	0.08547177768666105
r_0441	0.041710215961389976
r_0442	0.10647594504484849
r_0443	0.012718348268507162
r_0444	0.004278249027861059
r_0445	0.02122081121355139
r_0446	0.003422269901359046
r_0447	0.0070984413586903305
r_0448	0.010079984774451458
r_0449	0.013751185415844412
r_0450	0.00703774395815223
r_0451	0.01535846178011462
r_0452	0.004278249027861059
r_0453	0.0022424286312292137
r_0454	0.0016108769094058816
r_0455	0.03954645636526853
r_0456	0.004278249027861059
r_0457	0.10647594504484849
r_0458	0.012718348268507162
r_0459	0.0010590374253067725
r_0460	0.0047017201439535404
r_0461	0.006392220741066425
r_0462	0.0034903532771726185
r_0463	0.004278249027861059
r_0464	0.004278249027861059
r_0465	0.004278249027861059
r_0466	0.005339384204767265
r_0467	0.022733179893580955
r_0468	0.026740933664586377
r_0469	0.010079984774451458
r_0470	0.02626884066179627
r_0471	0.02042926110919875
r_0472	0.00703774395815223
r_0473	0.033946840350385525
r_0474	0.010079984774451458
r_0475	0.00703774395815223
r_0476	0.014053434214601722
r_0477	0.014053434214601722
r_0478	0.01535846178011462
r_0479	0.008710580042962447
r_0480	0.003422269901359046
r_0481	0.0030539435327084923
r_0482	0.006392220741066425
r_0483	0.02122081121355139
r_0484	0.005230278950311996
r_0485	0.004278249027861059
r_0486	0.006392220741066425
r_0487	0.010079984774451458
r_0488	0.006392220741066425
r_0489	0.019184432314316664
r_0490	0.019184432314316664
r_0491	0.010079984774451458
r_0492	0.003801162330993452
r_0493	0.00703774395815223
r_0494	0.006392220741066425
r_0495	0.006392220741066425
r_0496	0.002310120770197286
r_0497	0.0023748664762415534
r_0498	0.0030539435327084923
r_0499	0.006392220741066425
r_0500	0.010079984774451458
r_0501	0.004278249027861059
r_0502	0.006392220741066425
r_0503	0.0014833396616506247
r_0504	0.004278249027861059
r_0505	0.0919885993266419
r_0506	0.0919885993266419
r_0507	0.015540206903196461
r_0508	0.0919885993266419
r_0509	0.0025279017480120992
r_0510	0.060141513611987836
r_0511	0.026740933664586377
r_0512	0.02626884066179627
r_0513	0.019364480495990637
r_0514	0.005267165991288339
r_0515	0.002860895940119101
r_0516	0.008654117227483441
r_0517	0.008654117227483441
r_0518	0.004278249027861059
r_0519	0.0022424286312292137
r_0520	0.0022424286312292137
r_0521	0.0029263740175228567
r_0522	0.0029263740175228567
r_0523	0.004278249027861059
r_0524	0.0047017201439535404
r_0525	0.010079984774451458
r_0526	0.0019104452624422372
r_0527	0.004278249027861059
r_0528	0.0019104452624422372
r_0529	0.0019104452624422372
r_0530	0.004278249027861059
r_0531	0.013205136700802395
r_0532	0.013205136700802395
r_0533	0.22850168073201702
r_0534	0.22850168073201702
r_0535	0.004278249027861059
r_0536	0.0019104452624422372
r_0537	0.010079984774451458
r_0538	0.0019104452624422372
r_0539	0.0023748664762415534
r_0540	0.0015398024771296243
r_0541	0.0019104452624422372
r_0542	0.0019104452624422372
r_0543	0.0019104452624422372
r_0544	0.005838915126421459
r_0545	0.0018422884634699572
r_0546	0.22850168073201702
r_0547	0.0019104452624422372
r_0548	0.0019104452624422372
r_0549	0.010079984774451458
r_0550	0.0005234717985076494
r_0551	0.010079984774451458
r_0552	0.0029263740175228567
r_0553	0.0019104452624422372
r_0554	0.015466432821243808
r_0555	0.011850333534914432
r_0556	0.002612595971230595
r_0557	0.0019104452624422372
r_0558	0.22850168073201702
r_0559	0.019184432314316664
r_0560	0.04218230896418008
r_0561	0.019184432314316664
r_0562	0.019184432314316664
r_0563	0.03156021640140231
r_0564	0.0019104452624422372
r_0565	0.004278249027861059
r_0566	0.0022424286312292137
r_0567	0.0022424286312292137
r_0568	0.0009191532413325169
r_0569	0.004278249027861059
r_0570	0.0019104452624422372
r_0571	0.0019104452624422372
r_0572	0.0009191532413325169
r_0573	0.0005108434315409605
r_0574	0.0005201014679513869
r_0575	0.010079984774451458
r_0576	0.0022424286312292137
r_0577	0.0019104452624422372
r_0578	0.0019104452624422372
r_0579	0.0019104452624422372
r_0580	0.0019104452624422372
r_0581	0.006392220741066425
r_0582	0.002612595971230595
r_0583	0.0034116711100409132
r_0584	0.04018790538302504
r_0585	0.18384955088478414
r_0586	0.09401418656217943
r_0587	0.0229729456599271
r_0588	0.08413459716249448
r_0589	0.22850168073201702
r_0590	0.060908664741521915
r_0591	0.018992197851454017
r_0592	0.018992197851454017
r_0593	0.006834865232782398
r_0594	0.047395002536654574
r_0595	0.0034116711100409132
r_0596	0.047395002536654574
r_0597	0.011648624080193572
r_0598	0.011648624080193572
r_0599	0.017734985841288138
r_0600	0.017734985841288138
r_0601	0.017734985841288138
r_0602	0.017734985841288138
r_0603	0.04458211506169658
r_0604	0.06665246294213513
r_0605	0.04586070027758641
r_0606	0.0904455171882383
r_0607	0.033527270579694325
r_0608	0.033527270579694325
r_0609	0.030458666061558646
r_0610	0.015843453516847603
r_0611	0.006834865232782398
r_0612	0.03799248356441771
r_0613	0.005811477207557407
r_0614	0.05418133945176255
r_0615	0.033393534735740554
r_0616	0.03569649747531794
r_0617	0.03569649747531794
r_0618	0.030458666061558646
r_0619	0.030458666061558646
r_0620	0.011312590258156086
r_0621	0.020564383544748883
r_0622	0.005247927618656365
r_0623	0.005247927618656365
r_0624	0.005247927618656365
r_0625	0.06874976351155364
r_0626	0.057210602886332625
r_0627	0.022138026887382624
r_0628	0.01983657349878078
r_0629	0.01983657349878078
r_0630	0.01983657349878078
r_0631	0.01983657349878078
r_0632	0.01418086212736575
r_0633	0.01418086212736575
r_0634	0.06722290865383979
r_0635	0.254722512928652
r_0636	0.010339134125533809
r_0637	0.01122087619786094
r_0638	0.027676043384409276
r_0639	0.05418133945176255
r_0640	0.2691803611390999
r_0641	0.2691803611390999
r_0642	0.005044326078023447
r_0643	0.011312590258156086
r_0644	0.06063327715656092
r_0645	0.010042440490562519
r_0646	0.019949481410092236
r_0647	0.014389888854167603
r_0648	0.027311379376291103
r_0649	0.05886235752309476
r_0650	0.018992197851454017
r_0651	0.018992197851454017
r_0652	0.011397911073907231
r_0653	0.08783130898071712
r_0654	0.05886235752309476
r_0655	0.011397911073907231
r_0656	0.008177280456425833
r_0657	0.004363433487368237
r_0658	0.017067076733854204
r_0659	0.002463750877087197
r_0660	0.0015637229907705813
r_0661	0.05886235752309476
r_0662	0.018992197851454017
r_0663	0.018992197851454017
r_0664	0.002463750877087197
r_0665	0.008177280456425833
r_0666	0.008177280456425833
r_0667	0.08783130898071712
r_0668	0.0019288887829304014
r_0669	0.011397911073907231
r_0670	0.0020347628518701324
r_0671	0.0020347628518701324
r_0672	0.0018366711804895758
r_0673	0.004532891991667485
r_0674	0.004532891991667485
r_0675	0.004532891991667485
r_0676	0.018992197851454017
r_0677	0.007562155426237469
r_0678	0.09598124074047175
r_0679	0.09598124074047175
r_0680	0.09598124074047175
r_0681	0.09598124074047175
r_0682	0.09598124074047175
r_0683	0.09598124074047175
r_0684	0.01104384132181465
r_0685	0.01104384132181465
r_0686	0.01104384132181465
r_0687	0.0011727044429156199
r_0688	0.009037446059956591
r_0689	0.0011727044429156199
r_0690	0.0011727044429156199
r_0691	0.009037446059956591
r_0692	0.04259539034162158
r_0693	0.04259539034162158
r_0694	0.028598219408817564
r_0695	0.028598219408817564
r_0696	0.032549877405725146
r_0697	0.032549877405725146
r_0698	0.39277037516119834
r_0699	0.39277037516119834
r_0700	0.032549877405725146
r_0701	0.040097231535190535
r_0702	0.055518254075052106
r_0703	0.05835149430974196
r_0704	0.05835149430974196
r_0705	0.032549877405725146
r_0706	0.02372968896037603
r_0707	0.050822661597057
r_0708	0.02372968896037603
r_0709	0.02372968896037603
r_0710	0.050822661597057
r_0711	0.02372968896037603
r_0712	0.00764638013426166
r_0713	0.00764638013426166
r_0714	0.2767731902673075
r_0715	0.2767731902673075
r_0716	0.004916739102013202
r_0717	0.0051380613478711895
r_0718	0.004935182622501358
r_0719	0.07917035258736706
r_0720	0.03068233722398025
r_0721	0.03068233722398025
r_0722	0.07917035258736706
r_0723	0.07917035258736706
r_0724	0.05601069983757438
r_0725	0.008975897104036361
r_0726	0.07917035258736706
r_0727	0.07917035258736706
r_0728	0.00851296018878593
r_0729	0.02030866650157089
r_0730	0.02030866650157089
r_0731	0.02030866650157089
r_0732	0.011648624080193572
r_0733	0.009501059459668403
r_0734	0.011648624080193572
r_0735	0.009501059459668403
r_0736	0.03358628220504325
r_0737	0.0028215548565532576
r_0738	0.04967916332679056
r_0739	0.0023020504860961043
r_0740	0.00571896747975592
r_0741	0.00924512284099519
r_0742	0.03358628220504325
r_0743	0.001149937046866877
r_0744	0.0105520777772416
r_0745	0.022899171577974445
r_0746	0.022899171577974445
r_0747	0.06822610628476891
r_0748	0.04967916332679056
r_0749	0.012497026022649177
r_0750	0.052666707734477666
r_0751	0.06547223043515984
r_0752	0.015843453516847603
r_0753	0.005451601196169983
r_0754	0.011150649027013102
r_0755	0.014389888854167603
r_0756	0.06547223043515984
r_0757	0.011648624080193572
r_0758	0.011648624080193572
r_0759	0.018992197851454017
r_0760	0.018992197851454017
r_0761	0.04143490966858081
r_0762	0.02518696086373555
r_0763	0.0041678791192392576
r_0764	0.11181602687572403
r_0765	0.001149937046866877
r_0766	0.11181602687572403
r_0767	0.00476893849306254
r_0768	0.045695362901346924
r_0769	0.01135856999034141
r_0770	0.11181602687572403
r_0771	0.11181602687572403
r_0772	0.028275235923654298
r_0773	0.0022117680612826754
r_0774	0.052666707734477666
r_0775	0.00888209600696874
r_0776	0.052666707734477666
r_0777	0.052666707734477666
r_0778	0.052666707734477666
r_0779	0.052666707734477666
r_0780	0.052666707734477666
r_0781	0.052666707734477666
r_0782	0.052666707734477666
r_0783	0.052666707734477666
r_0784	0.029298104096366257
r_0785	0.2691803611390999
r_0786	0.052666707734477666
r_0787	0.052666707734477666
r_0788	0.052666707734477666
r_0789	0.052666707734477666
r_0790	0.052666707734477666
r_0791	0.052666707734477666
r_0792	0.052666707734477666
r_0793	0.052666707734477666
r_0794	0.052666707734477666
r_0795	0.052666707734477666
r_0796	0.052666707734477666
r_0797	0.052666707734477666
r_0798	0.005451601196169983
r_0799	0.003397413878622401
r_0800	0.043008471719062774
r_0801	0.052666707734477666
r_0802	0.052666707734477666
r_0803	0.052666707734477666
r_0804	0.052666707734477666
r_0805	0.02624967940790869
r_0806	0.02624967940790869
r_0807	0.005451601196169983
r_0808	0.02624967940790869
r_0809	0.02624967940790869
r_0810	0.043008471719062774
r_0811	0.009371845270266263
r_0812	0.0014339786536783975
r_0813	0.0014339786536783975
r_0814	0.254722512928652
r_0815	0.008826765445504245
r_0816	0.03860227035968832
r_0817	0.03860227035968832
r_0818	0.00773919030228376
r_0819	0.008826765445504245
r_0820	0.029963039924941797
r_0821	0.00994229098197102
r_0822	0.01434849234134554
r_0823	0.018992197851454017
r_0824	0.05458526432828383
r_0825	0.254722512928652
r_0826	0.09338472922512615
r_0827	0.09338472922512615
r_0828	0.09338472922512615
r_0829	0.09338472922512615
r_0830	0.09338472922512615
r_0831	0.03860227035968832
r_0832	0.03860227035968832
r_0833	0.0027654236856073946
r_0834	0.2691803611390999
r_0835	0.2691803611390999
r_0836	0.018440983297939022
r_0837	0.060908664741521915
r_0838	0.052666707734477666
r_0839	0.04586070027758641
r_0840	0.01104384132181465
r_0841	0.002290450228414366
r_0842	0.0011727044429156199
r_0843	0.016807310064210795
r_0844	0.0029231414563650805
r_0845	0.0029231414563650805
r_0846	0.0009331828453927483
r_0847	0.0065582124254599155
r_0848	0.01700710129396305
r_0849	0.011312590258156086
r_0850	0.03437310387635999
r_0851	0.05886235752309476
r_0852	0.08783130898071712
r_0853	0.01700710129396305
r_0854	0.0056344423315111145
r_0855	0.015843453516847603
r_0856	0.015843453516847603
r_0857	0.023766017040918238
r_0858	0.006113290530928497
r_0859	0.05085467988440224
r_0860	0.04218230896418008
r_0861	0.02082588873930587
r_0862	0.02082588873930587
r_0863	0.005584384662298913
r_0864	0.008644035224298156
r_0865	0.04102174699898778
r_0866	0.007872292559068149
r_0867	0.0011144318460154393
r_0868	0.0037996780917458656
r_0869	0.0037996780917458656
r_0870	0.004842477935416632
r_0871	0.002404865599876925
r_0872	0.002404865599876925
r_0873	0.005416156140477624
r_0874	0.005181654075525027
r_0875	0.007821824002521786
r_0876	0.013463317961114054
r_0877	0.018597329366456684
r_0878	0.018597329366456684
r_0879	0.010866806445768358
r_0880	0.014525527217391832
r_0881	0.014525527217391832
r_0882	0.006963969876199546
r_0883	0.004171265079000252
r_0884	0.004171265079000252
r_0885	0.013463317961114054
r_0886	0.0017824200691382293
r_0887	0.0017824200691382293
r_0888	0.007838646854703897
r_0889	0.007838646854703897
r_0890	0.009863608814839315
r_0891	0.009863608814839315
r_0892	0.007838646854703897
r_0893	0.007838646854703897
r_0894	0.0038830093195080535
r_0895	0.0038830093195080535
r_0896	0.003957676036628606
r_0897	0.003957676036628606
r_0898	0.013474532608521928
r_0899	0.006963969876199546
r_0900	0.03335315421912276
r_0901	0.03335315421912276
r_0902	0.010771846477607098
r_0903	0.010771846477607098
r_0904	0.0042722021920930065
r_0905	0.0042722021920930065
r_0906	0.006755663213137656
r_0907	0.006755663213137656
r_0908	0.02274369388806831
r_0909	0.005772136123991553
r_0910	0.0050969598523065195
r_0911	0.0050969598523065195
r_0912	0.0030908305736848207
r_0913	0.008053918970810488
r_0914	0.0021527564359339092
r_0915	0.0021527564359339092
r_0916	0.0031914860958246727
r_0917	0.004877824870649566
r_0918	0.004877824870649566
r_0919	0.01418086212736575
r_0920	0.01418086212736575
r_0921	0.008266015639493668
r_0922	0.000730059951199653
r_0923	0.000730059951199653
r_0924	0.0032092386962503917
r_0925	0.003146161135149312
r_0926	0.003146161135149312
r_0927	0.0036994667497942772
r_0928	0.0010598685455581378
r_0929	0.0036994667497942772
r_0930	0.0010598685455581378
r_0931	0.010062481318211325
r_0932	0.005241031495852649
r_0933	0.0047017201439535404
r_0934	0.0025190814385516935
r_0935	0.011948686243829047
r_0936	0.008486670890034777
r_0937	0.002404865599876925
r_0938	0.0063434200063572106
r_0939	0.016558911394543237
r_0940	0.016558911394543237
r_0941	0.005414714155193672
r_0942	0.005414714155193672
r_0943	0.007959919982560485
r_0944	0.007306438383059471
r_0945	0.016459230876090653
r_0946	0.12794587113771996
r_0947	0.016459230876090653
r_0948	0.007306438383059471
r_0949	0.007306438383059471
r_0950	0.008014577887244667
r_0951	0.009419994959823819
r_0952	0.014389888854167603
r_0953	0.005912689208374112
r_0954	0.008946318709680436
r_0955	0.02264833616241374
r_0956	0.017790837153356866
r_0957	0.017790837153356866
r_0958	0.004008105715407777
r_0959	0.0018422884634699572
r_0960	0.010363536667815525
r_0961	0.006392220741066425
r_0962	0.006392220741066425
r_0963	0.010079984774451458
r_0964	0.0021891248551381055
r_0965	0.005912689208374112
r_0966	0.02264833616241374
r_0967	0.010079984774451458
r_0968	0.0021891248551381055
r_0969	0.0018422884634699572
r_0970	0.04259539034162158
r_0971	0.006668873548388909
r_0972	0.0027644342892877644
r_0973	0.01263715520623133
r_0974	0.0018665343300488645
r_0975	0.004277174948489488
r_0976	0.0047017201439535404
r_0977	0.00876580262950075
r_0978	0.005432978992659766
r_0979	0.005432978992659766
r_0980	0.010925818071117123
r_0981	0.008202414703651456
r_0982	0.01482058534413565
r_0983	0.10383380780355447
r_0984	0.10383380780355447
r_0985	0.002426863836110868
r_0986	0.004808279576628392
r_0987	0.004808279576628392
r_0988	0.0008591645946168108
r_0989	0.0065582124254599155
r_0990	0.0037732408317469298
r_0991	0.0065582124254599155
r_0992	0.014894683686110684
r_0993	0.014894683686110684
r_0994	0.014894683686110684
r_0995	0.014894683686110684
r_0996	0.015666418640801316
r_0997	0.0008591645946168108
r_0998	0.0008591645946168108
r_0999	0.0008591645946168108
r_1000	0.0036625797088179366
r_1001	0.0065582124254599155
r_1002	0.0022239851107410495
r_1003	0.0022239851107410495
r_1004	0.000789871790392744
r_1005	0.000789871790392744
r_1006	0.000789871790392744
r_1007	0.000789871790392744
r_1008	0.02973085601559051
r_1009	0.02973085601559051
r_1010	0.014859926427701502
r_1011	0.02973085601559051
r_1012	0.02973085601559051
r_1013	0.02973085601559051
r_1014	0.02973085601559051
r_1015	0.000789871790392744
r_1016	0.000789871790392744
r_1017	0.01122087619786094
r_1018	0.029553821139544217
r_1019	0.004640086294690719
r_1020	0.014215704552164787
r_1021	0.2691803611390999
r_1022	0.00675975878139437
r_1023	0.006156361636491223
r_1024	0.006156361636491223
r_1025	0.006862921428140539
r_1026	0.007090062423447327
r_1027	0.002971483049779387
r_1028	0.05245033177486527
r_1029	0.003533475065400787
r_1030	0.0019363804763217684
r_1031	0.00447586888203755
r_1032	0.014802466083669849
r_1033	0.006457964574157149
r_1034	0.006457964574157149
r_1035	0.00347431575383046
r_1036	0.003533475065400787
r_1037	0.01965953862273446
r_1038	0.023286485508225922
r_1039	0.023286485508225922
r_1040	0.043008471719062774
r_1041	0.009951820195282334
r_1042	0.002747671085181672
r_1043	0.0011888998885707324
r_1044	0.0011888998885707324
r_1045	0.0011888998885707324
r_1046	0.004440430713914264
r_1047	0.004440430713914264
r_1048	0.009951820195282334
r_1049	0.005281573323020617
r_1050	0.002747671085181672
r_1051	0.004440430713914264
r_1052	0.004844179166285315
r_1053	0.004844179166285315
r_1054	0.011889674618480284
r_1055	0.0032336869414995796
r_1056	0.009450527437397967
r_1057	0.009450527437397967
r_1058	0.005322811114222512
r_1059	0.012111206905766609
r_1060	0.00553391610575252
r_1061	0.002231438603065599
r_1062	0.0019170028865952453
r_1063	0.00285908260879435
r_1064	0.00285908260879435
r_1065	0.0011727044429156199
r_1066	0.0011727044429156199
r_1067	0.0011727044429156199
r_1068	0.009037446059956591
r_1069	0.28114366472913166
r_1070	0.011319228906775558
r_1071	0.013137845292073888
r_1072	0.0433459913456453
r_1073	0.030753724188302464
r_1074	0.030753724188302464
r_1075	0.005451601196169983
r_1076	0.0014339786536783975
r_1077	0.0023207513389662897
r_1078	0.0023207513389662897
r_1079	0.0023207513389662897
r_1080	0.0023207513389662897
r_1081	0.009037446059956591
r_1082	0.005451601196169983
r_1083	0.052666707734477666
r_1084	0.2691803611390999
r_1085	0.009037446059956591
r_1086	0.0011727044429156199
r_1087	0.004215885323462902
r_1088	0.004215885323462902
r_1089	0.00654672757628576
r_1090	0.009057116601739534
r_1091	0.052666707734477666
r_1092	0.052666707734477666
r_1093	0.052666707734477666
r_1094	0.052666707734477666
r_1095	0.008654117227483441
r_1096	0.0019104452624422372
r_1097	0.004006726852237486
r_1098	0.004006726852237486
r_1099	0.013603637251939108
r_1100	0.013603637251939108
r_1101	0.016964674398474145
r_1102	0.03933008040565645
r_1103	0.03888970384121372
r_1104	0.013325624168633582
r_1105	0.019777561873432017
r_1106	0.009158748814291226
r_1107	0.03437310387635999
r_1108	0.015568065931886697
r_1109	0.008206858850781788
r_1110	0.006576932941044382
r_1111	0.029538838953713977
r_1112	0.008211283305073869
r_1113	0.015292678346925792
r_1114	0.014389888854167603
r_1115	0.014389888854167603
r_1116	0.014389888854167603
r_1117	0.0011727044429156199
r_1118	0.009037446059956591
r_1119	0.010117811879675821
r_1120	0.014365913501369119
r_1121	0.01823296089446861
r_1122	0.0034595382034155716
r_1123	0.005285609511776494
r_1124	0.22850168073201702
r_1125	0.22850168073201702
r_1126	0.00447586888203755
r_1127	0.016754472821074725
r_1128	0.007522814342671616
r_1129	0.007562155426237469
r_1130	0.007562155426237469
r_1131	0.011312590258156086
r_1132	0.0027644342892877644
r_1133	0.005285609511776494
r_1134	0.005285609511776494
r_1135	0.014368162883128451
r_1136	0.2691803611390999
r_1137	0.012165042653862196
r_1138	0.04845721179293232
r_1139	0.04845721179293232
r_1140	0.0036870586950018204
r_1141	0.07940205406554328
r_1142	0.006401593461045042
r_1143	0.0027654236856073946
r_1144	0.0027654236856073946
r_1145	0.2691803611390999
r_1146	0.2691803611390999
r_1147	0.018440983297939022
r_1148	0.2691803611390999
r_1149	0.2691803611390999
r_1150	0.018440983297939022
r_1151	0.2429988700260305
r_1152	0.004278249027861059
r_1153	0.016666279636582276
r_1154	0.17611956684276264
r_1155	0.011455560073861181
r_1156	0.004984498738822403
r_1157	0.010020973149102694
r_1158	0.0075561341749509755
r_1159	0.3430003308792167
r_1160	0.06553124206050846
r_1161	0.06553124206050846
r_1162	0.0011727044429156199
r_1163	0.004984498738822403
r_1164	0.004984498738822403
r_1165	0.004984498738822403
r_1166	0.015843453516847603
r_1167	0.03261890687523754
r_1168	0.03261890687523754
r_1169	0.025351235976297983
r_1170	1.0
r_1171	0.010117811879675821
r_1172	0.04965711484169056
r_1173	0.018597329366456684
r_1174	0.015902465142196374
r_1175	0.07940205406554328
r_1176	0.010191585961628504
r_1177	0.02465438001052009
r_1178	0.008053918970810488
r_1179	0.04218230896418008
r_1180	0.015666418640801316
r_1181	0.007019300437664042
r_1182	0.03068233722398025
r_1183	0.0014551082539111249
r_1184	0.0014551082539111249
r_1185	0.0015637229907705813
r_1186	0.020564383544748883
r_1187	0.006631986507412567
r_1188	0.005516419080813557
r_1189	1.0
r_1190	0.056182998366598645
r_1191	0.023286485508225922
r_1192	0.014861997580869576
r_1193	0.014861997580869576
r_1194	0.023286485508225922
r_1195	0.005249019415187204
r_1196	0.005249019415187204
r_1197	0.011397911073907231
r_1198	0.010512736693675747
r_1199	0.010512736693675747
r_1200	0.05697455638493757
r_1201	0.03317386224098684
r_1202	1.0
r_1203	0.0362019756337698
r_1204	0.0362019756337698
r_1205	0.033704305455740775
r_1206	0.033704305455740775
r_1207	0.001965775823906734
r_1208	0.001965775823906734
r_1209	0.041416466148092565
r_1210	0.041416466148092565
r_1211	0.010117811879675821
r_1212	0.010117811879675821
r_1213	0.004524544974824908
r_1214	0.024970584904123405
r_1215	0.0016244967003481204
r_1216	0.0016244967003481204
r_1217	0.028157212672956775
r_1218	0.025776425098213544
r_1219	0.014389888854167603
r_1220	0.05606971146292299
r_1221	0.05606971146292299
r_1222	0.04136423892379704
r_1223	0.01273235318724147
r_1224	0.05606971146292299
r_1225	0.01273235318724147
r_1226	0.05606971146292299
r_1227	0.01273235318724147
r_1228	0.031442193150704775
r_1229	0.01273235318724147
r_1230	0.031442193150704775
r_1231	0.01273235318724147
r_1232	0.04136423892379704
r_1233	0.05606971146292299
r_1234	0.04136423892379704
r_1235	0.05606971146292299
r_1236	0.04136423892379704
r_1237	0.05606971146292299
r_1238	0.05606971146292299
r_1239	0.05606971146292299
r_1240	0.04136423892379704
r_1241	0.025776425098213544
r_1242	0.006576655945948071
r_1243	0.06559686663805342
r_1244	0.05606971146292299
r_1245	0.05606971146292299
r_1246	0.05606971146292299
r_1247	0.05606971146292299
r_1248	0.05606971146292299
r_1249	0.05606971146292299
r_1250	0.05606971146292299
r_1251	0.05606971146292299
r_1252	0.05606971146292299
r_1253	0.05606971146292299
r_1254	0.05606971146292299
r_1255	0.05606971146292299
r_1256	0.06559686663805342
r_1257	0.05606971146292299
r_1258	0.05606971146292299
r_1259	0.05606971146292299
r_1260	0.05606971146292299
r_1261	0.05606971146292299
r_1262	0.05606971146292299
r_1263	0.05606971146292299
r_1264	0.05606971146292299
r_1265	0.05606971146292299
r_1266	0.05606971146292299
r_1267	0.05606971146292299
r_1268	0.05606971146292299
r_1269	0.05606971146292299
r_1270	0.05606971146292299
r_1271	0.05606971146292299
r_1272	0.05606971146292299
r_1273	0.05606971146292299
r_1274	0.05606971146292299
r_1275	0.05606971146292299
r_1276	0.04136423892379704
r_1277	0.04136423892379704
r_1278	0.04136423892379704
r_1279	0.031442193150704775
r_1280	0.01273235318724147
r_1281	0.006576655945948071
r_1282	0.05606971146292299
r_1283	0.05606971146292299
r_1284	0.05606971146292299
r_1285	0.05606971146292299
r_1286	0.031442193150704775
r_1287	0.01273235318724147
r_1288	0.04136423892379704
r_1289	0.031442193150704775
r_1290	0.01273235318724147
r_1291	0.006576655945948071
r_1292	0.006576655945948071
r_1293	0.05606971146292299
r_1294	0.05606971146292299
r_1295	0.05606971146292299
r_1296	0.025776425098213544
r_1297	0.06559686663805342
r_1298	0.006576655945948071
r_1299	0.031442193150704775
r_1300	0.01273235318724147
r_1301	0.031442193150704775
r_1302	0.01273235318724147
r_1303	0.05606971146292299
r_1304	0.05606971146292299
r_1305	0.05606971146292299
r_1306	0.05606971146292299
r_1307	0.04136423892379704
r_1308	0.04136423892379704
r_1309	0.05606971146292299
r_1310	0.03078754089525084
r_1311	0.03204715774010464
r_1312	0.03204715774010464
r_1313	0.03204715774010464
r_1314	0.004746186711136132
r_1315	0.03204715774010464
r_1316	0.03204715774010464
r_1317	0.03204715774010464
r_1318	0.048185238167249275
r_1319	0.048185238167249275
r_1320	0.05382895543662781
r_1321	0.4810766494192868
r_1322	0.048185238167249275
r_1323	0.4810766494192868
r_1324	0.4810766494192868
r_1325	0.011692969200651082
r_1326	0.12640420855755868
r_1327	0.048185238167249275
r_1328	0.010296360734063602
r_1329	0.05382895543662781
r_1330	0.048185238167249275
r_1331	0.4810766494192868
r_1332	0.048185238167249275
r_1333	0.007757041257190655
r_1334	0.4810766494192868
r_1335	0.4810766494192868
r_1336	0.4810766494192868
r_1337	0.4810766494192868
r_1338	0.4810766494192868
r_1339	0.4810766494192868
r_1340	0.048185238167249275
r_1341	0.014315444944822758
r_1342	0.048185238167249275
r_1343	0.4810766494192868
r_1344	0.4810766494192868
r_1345	0.048185238167249275
r_1346	0.048185238167249275
r_1347	0.03204715774010464
r_1348	0.004713860376643371
r_1349	0.0084610923854426
r_1350	0.4810766494192868
r_1351	0.05382895543662781
r_1352	0.02254396983531707
r_1353	0.02902271651140535
r_1354	0.048185238167249275
r_1355	0.4810766494192868
r_1356	0.048185238167249275
r_1357	0.048185238167249275
r_1358	0.012322426537704574
r_1359	0.048185238167249275
r_1360	0.03078754089525084
r_1361	0.048185238167249275
r_1362	0.048185238167249275
r_1363	0.048185238167249275
r_1364	0.048185238167249275
r_1365	0.048185238167249275
r_1366	0.01900758875497156
r_1367	0.048185238167249275
r_1368	0.048185238167249275
r_1369	0.048185238167249275
r_1370	0.048185238167249275
r_1371	0.048185238167249275
r_1372	0.014315444944822758
r_1373	0.048185238167249275
r_1374	0.048185238167249275
r_1375	0.048185238167249275
r_1376	0.048185238167249275
r_1377	0.048185238167249275
r_1378	0.048185238167249275
r_1379	0.048185238167249275
r_1380	0.4810766494192868
r_1381	0.4810766494192868
r_1382	0.4810766494192868
r_1383	0.12640420855755868
r_1384	0.04240960808897462
r_1385	0.011925276887516054
r_1386	0.05382895543662781
r_1387	0.05382895543662781
r_1388	0.002912326261067507
r_1389	0.014315444944822758
r_1390	0.4810766494192868
r_1391	0.015022004736472075
r_1392	0.12640420855755868
r_1393	0.030183278476597738
r_1394	0.019192023959853206
r_1395	0.12640420855755868
r_1396	0.019192023959853206
r_1397	0.004344989966880082
r_1398	0.4810766494192868
r_1399	0.007757041257190655
r_1400	0.03204715774010464
r_1401	0.048185238167249275
r_1402	0.048185238167249275
r_1403	0.048185238167249275
r_1404	0.019192023959853206
r_1405	0.03567157443418415
r_1406	0.03567157443418415
r_1407	0.03567157443418415
r_1408	0.03567157443418415
r_1409	0.03567157443418415
r_1410	0.03204715774010464
r_1411	0.03204715774010464
r_1412	0.03567157443418415
r_1413	0.03567157443418415
r_1414	0.03171758073566578
r_1415	0.0649527829769044
r_1416	0.03567157443418415
r_1417	0.03567157443418415
r_1418	0.03567157443418415
r_1419	0.03567157443418415
r_1420	0.048185238167249275
r_1421	0.006480275628176748
r_1422	0.048185238167249275
r_1423	0.03567157443418415
r_1424	0.03567157443418415
r_1425	0.0649527829769044
r_1426	0.12640420855755868
r_1427	0.030183278476597738
r_1428	0.014289480715996774
r_1429	0.03567157443418415
r_1430	0.03567157443418415
r_1431	0.03567157443418415
r_1432	0.03567157443418415
r_1433	0.03567157443418415
r_1434	0.12640420855755868
r_1435	0.0649527829769044
r_1436	0.0649527829769044
r_1437	0.03567157443418415
r_1438	0.014289480715996774
r_1439	0.014289480715996774
r_1440	0.014289480715996774
r_1441	0.0649527829769044
r_1442	0.03567157443418415
r_1443	0.030183278476597738
r_1444	0.03567157443418415
r_1445	0.03567157443418415
r_1446	0.03204715774010464
r_1447	0.03171758073566578
r_1448	0.03204715774010464
r_1449	0.03204715774010464
r_1450	0.03204715774010464
r_1451	0.048185238167249275
r_1452	0.0649527829769044
r_1453	0.0649527829769044
r_1454	0.039387678894394255
r_1455	0.0649527829769044
r_1456	0.039387678894394255
r_1457	0.0649527829769044
r_1458	0.0649527829769044
r_1459	0.0649527829769044
r_1460	0.0649527829769044
r_1461	0.039387678894394255
r_1462	0.048185238167249275
r_1463	0.048185238167249275
r_1464	0.0649527829769044
r_1465	0.0649527829769044
r_1466	0.03567157443418415
r_1467	0.0649527829769044
r_1468	0.0649527829769044
r_1469	0.0649527829769044
r_1470	0.048185238167249275
r_1471	0.0649527829769044
r_1472	0.0649527829769044
r_1473	0.0649527829769044
r_1474	0.0649527829769044
r_1475	0.0649527829769044
r_1476	0.03171758073566578
r_1477	0.03171758073566578
r_1478	0.0649527829769044
r_1479	0.0649527829769044
r_1480	0.03567157443418415
r_1481	0.03171758073566578
r_1482	0.03567157443418415
r_1483	0.03567157443418415
r_1484	0.03171758073566578
r_1485	0.03567157443418415
r_1486	0.03567157443418415
r_1487	0.0649527829769044
r_1488	0.0649527829769044
r_1489	0.0649527829769044
r_1490	0.0649527829769044
r_1491	0.03567157443418415
r_1492	0.0649527829769044
r_1493	0.0649527829769044
r_1494	0.0649527829769044
r_1495	0.03567157443418415
r_1496	0.03567157443418415
r_1497	0.0649527829769044
r_1498	0.01637455814498651
r_1499	0.0649527829769044
r_1500	0.03204715774010464
r_1501	0.013434736541465079
r_1502	0.0029395781072507907
r_1503	0.006115567933743943
r_1504	0.03204715774010464
r_1505	0.03204715774010464
r_1506	0.0649527829769044
r_1507	0.014289480715996774
r_1508	0.014289480715996774
r_1509	0.014389888854167603
r_1510	0.9723146228828324
r_1511	0.9723146228828324
r_1512	0.9723146228828324
r_1513	0.014389888854167603
r_1514	0.0025843645634910954
r_1515	0.007503143800888674
r_1516	0.014389888854167603
r_1517	0.9723146228828324
r_1518	0.9723146228828324
r_1519	0.9723146228828324
r_1520	0.014389888854167603
r_1521	0.0025843645634910954
r_1522	0.007503143800888674
r_1523	0.0025843645634910954
r_1524	0.007503143800888674
r_1525	0.0025843645634910954
r_1526	0.014389888854167603
r_1527	0.007503143800888674
r_1528	0.9723146228828324
r_1529	0.014389888854167603
r_1530	0.014389888854167603
r_1531	0.0025278071344401994
r_1532	0.0025278071344401994
r_1533	0.0025278071344401994
r_1534	0.0025278071344401994
r_1535	0.0025843645634910954
r_1536	0.007503143800888674
r_1537	0.014389888854167603
r_1538	0.007503143800888674
r_1539	0.0025843645634910954
r_1540	0.014389888854167603
r_1541	0.014389888854167603
r_1542	0.007503143800888674
r_1543	0.0025843645634910954
r_1544	0.9723146228828324
r_1545	0.007503143800888674
r_1546	0.0025843645634910954
r_1547	0.014389888854167603
r_1548	0.014389888854167603
r_1549	0.014389888854167603
r_1550	0.014389888854167603
r_1551	0.014389888854167603
r_1552	0.014389888854167603
r_1553	0.007503143800888674
r_1554	0.9723146228828324
r_1555	0.0025843645634910954
r_1556	0.0025278071344401994
r_1557	0.0025278071344401994
r_1558	0.0025278071344401994
r_1559	0.048185238167249275
r_1560	0.048185238167249275
r_1561	0.014389888854167603
r_1562	0.4810766494192868
r_1563	0.02254396983531707
r_1564	0.014389888854167603
r_1565	0.9723146228828324
r_1566	0.9723146228828324
r_1567	0.0064928186801337705
r_1568	0.4810766494192868
r_1569	0.4810766494192868
r_1570	0.9723146228828324
r_1571	0.9723146228828324
r_1572	0.0025843645634910954
r_1573	0.9723146228828324
r_1574	0.014389888854167603
r_1575	0.014389888854167603
r_1576	0.014389888854167603
r_1577	0.014389888854167603
r_1578	0.007503143800888674
r_1579	0.0025843645634910954
r_1580	0.9723146228828324
r_1581	0.0025278071344401994
r_1582	0.007503143800888674
r_1583	0.0025843645634910954
r_1584	0.03171758073566578
r_1585	0.4810766494192868
r_1586	0.4810766494192868
r_1587	0.014389888854167603
r_1588	0.4810766494192868
r_1589	0.4810766494192868
r_1590	0.4810766494192868
r_1591	0.0314850552089112
r_1592	0.0035038941481864137
r_1593	0.004664951931159441
r_1594	0.0314850552089112
r_1595	0.0035038941481864137
r_1596	0.0025278071344401994
r_1597	0.014389888854167603
r_1598	0.014389888854167603
r_1599	0.014389888854167603
r_1600	0.014389888854167603
r_1601	0.0018665343300488645
r_1602	0.007503143800888674
r_1603	0.0025843645634910954
r_1604	0.014389888854167603
r_1605	0.014389888854167603
r_1606	0.014389888854167603
r_1607	0.007503143800888674
r_1608	0.9723146228828324
r_1609	0.0025843645634910954
r_1610	0.9723146228828324
r_1611	0.014389888854167603
r_1612	0.014389888854167603
r_1613	0.014389888854167603
r_1614	0.014389888854167603
r_1615	0.03360595274682622
r_1616	0.01614913583267458
r_1617	0.014389888854167603
r_1618	0.014389888854167603
r_1619	0.007503143800888674
r_1620	0.0025843645634910954
r_1621	0.0025278071344401994
r_1622	0.014389888854167603
r_1623	0.014389888854167603
r_1624	0.9723146228828324
r_1625	0.005943139161811256
r_1626	0.014389888854167603
r_1627	0.0064928186801337705
r_1628	0.007503143800888674
r_1629	0.0025843645634910954
r_1630	0.0025278071344401994
r_1631	0.9723146228828324
r_1632	0.014389888854167603
r_1633	0.014389888854167603
r_1634	0.014389888854167603
r_1635	0.014389888854167603
r_1636	0.014389888854167603
r_1637	0.014389888854167603
r_1638	0.014389888854167603
r_1639	0.9723146228828324
r_1640	0.007503143800888674
r_1641	0.0025843645634910954
r_1642	0.014389888854167603
r_1643	0.03171758073566578
r_1644	0.03171758073566578
r_1645	0.0064928186801337705
r_1646	0.9723146228828324
r_1647	0.007503143800888674
r_1648	0.0025843645634910954
r_1649	0.007503143800888674
r_1650	0.0025843645634910954
r_1651	0.014389888854167603
r_1652	0.0064928186801337705
r_1653	0.9723146228828324
r_1654	0.007503143800888674
r_1655	0.0025843645634910954
r_1656	0.0064928186801337705
r_1657	0.014389888854167603
r_1658	0.03171758073566578
r_1659	0.007552658367607743
r_1660	0.009981632065536874
r_1661	0.03171758073566578
r_1662	0.00334661257245759
r_1663	0.007552658367607743
r_1664	0.014389888854167603
r_1665	0.014389888854167603
r_1666	0.03171758073566578
r_1667	0.007552658367607743
r_1668	0.9723146228828324
r_1669	0.007503143800888674
r_1670	0.0025843645634910954
r_1671	0.4810766494192868
r_1672	0.004664951931159441
r_1673	0.9723146228828324
r_1674	0.0314850552089112
r_1675	0.0035038941481864137
r_1676	0.014389888854167603
r_1677	0.014389888854167603
r_1678	0.9723146228828324
r_1679	0.0025843645634910954
r_1680	0.0064928186801337705
r_1681	0.014389888854167603
r_1682	0.004664951931159441
r_1683	0.0314850552089112
r_1684	0.0035038941481864137
r_1685	0.014389888854167603
r_1686	0.0314850552089112
r_1687	0.9723146228828324
r_1688	0.014389888854167603
r_1689	0.014389888854167603
r_1690	0.004664951931159441
r_1691	0.0314850552089112
r_1692	0.0035038941481864137
r_1693	0.0314850552089112
r_1694	0.014389888854167603
r_1695	0.9723146228828324
r_1696	0.014083168784631391
r_1697	0.014389888854167603
r_1698	0.014389888854167603
r_1699	0.014389888854167603
r_1700	0.9723146228828324
r_1701	0.014389888854167603
r_1702	0.9723146228828324
r_1703	0.00919481039421997
r_1704	0.0025843645634910954
r_1705	0.040791493797499676
r_1706	0.9723146228828324
r_1707	0.0314850552089112
r_1708	0.9723146228828324
r_1709	0.009537754925098714
r_1710	0.014389888854167603
r_1711	0.0025843645634910954
r_1712	0.014389888854167603
r_1713	0.004664951931159441
r_1714	0.0314850552089112
r_1715	0.0035038941481864137
r_1716	0.004664951931159441
r_1717	0.0314850552089112
r_1718	0.0035038941481864137
r_1719	0.9723146228828324
r_1720	0.0025278071344401994
r_1721	0.014389888854167603
r_1722	0.0018665343300488645
r_1723	0.014389888854167603
r_1724	0.014389888854167603
r_1725	0.014389888854167603
r_1726	0.014389888854167603
r_1727	0.014389888854167603
r_1728	0.014389888854167603
r_1729	0.014389888854167603
r_1730	0.014389888854167603
r_1731	0.014389888854167603
r_1732	0.014389888854167603
r_1733	0.014389888854167603
r_1734	0.014389888854167603
r_1735	0.014389888854167603
r_1736	0.014389888854167603
r_1737	0.014389888854167603
r_1738	0.014389888854167603
r_1739	0.014389888854167603
r_1740	0.014389888854167603
r_1741	0.014389888854167603
r_1742	0.014389888854167603
r_1743	0.014389888854167603
r_1744	0.014389888854167603
r_1745	0.014389888854167603
r_1746	0.014389888854167603
r_1747	0.014389888854167603
r_1748	0.014389888854167603
r_1749	0.014389888854167603
r_1750	0.014389888854167603
r_1751	0.014389888854167603
r_1752	0.014389888854167603
r_1753	0.014389888854167603
r_1754	0.014389888854167603
r_1755	0.014389888854167603
r_1756	0.014389888854167603
r_1757	0.014389888854167603
r_1758	0.014389888854167603
r_1759	0.014389888854167603
r_1760	0.014389888854167603
r_1761	0.014389888854167603
r_1762	0.014389888854167603
r_1763	0.014389888854167603
r_1764	0.014389888854167603
r_1765	0.014389888854167603
r_1766	0.014389888854167603
r_1767	0.014389888854167603
r_1768	0.014389888854167603
r_1769	0.014389888854167603
r_1770	0.014389888854167603
r_1771	0.014389888854167603
r_1772	0.014389888854167603
r_1773	0.014389888854167603
r_1774	0.014389888854167603
r_1775	0.014389888854167603
r_1776	0.014389888854167603
r_1777	0.014389888854167603
r_1778	0.014389888854167603
r_1779	0.014389888854167603
r_1780	0.014389888854167603
r_1781	0.014389888854167603
r_1782	0.014389888854167603
r_1783	0.014389888854167603
r_1784	0.014389888854167603
r_1785	0.014389888854167603
r_1786	0.014389888854167603
r_1787	0.014389888854167603
r_1788	0.014389888854167603
r_1789	0.014389888854167603
r_1790	0.014389888854167603
r_1791	0.014389888854167603
r_1792	0.014389888854167603
r_1793	0.014389888854167603
r_1794	0.014389888854167603
r_1795	0.014389888854167603
r_1796	0.014389888854167603
r_1797	0.014389888854167603
r_1798	0.014389888854167603
r_1799	0.014389888854167603
r_1800	0.014389888854167603
r_1801	0.014389888854167603
r_1802	0.014389888854167603
r_1803	0.014389888854167603
r_1804	0.014389888854167603
r_1805	0.014389888854167603
r_1806	0.014389888854167603
r_1807	0.014389888854167603
r_1808	0.014389888854167603
r_1809	0.014389888854167603
r_1810	0.014389888854167603
r_1811	0.014389888854167603
r_1812	0.014389888854167603
r_1813	0.014389888854167603
r_1814	0.014389888854167603
r_1815	0.014389888854167603
r_1816	0.014389888854167603
r_1817	0.014389888854167603
r_1818	0.014389888854167603
r_1819	0.014389888854167603
r_1820	0.014389888854167603
r_1821	0.014389888854167603
r_1822	0.014389888854167603
r_1823	0.014389888854167603
r_1824	0.014389888854167603
r_1825	0.014389888854167603
r_1826	0.014389888854167603
r_1827	0.014389888854167603
r_1828	0.014389888854167603
r_1829	0.014389888854167603
r_1830	0.014389888854167603
r_1831	0.014389888854167603
r_1832	0.014389888854167603
r_1833	0.014389888854167603
r_1834	0.014389888854167603
r_1835	0.014389888854167603
r_1836	0.014389888854167603
r_1837	0.014389888854167603
r_1838	0.014389888854167603
r_1839	0.014389888854167603
r_1840	0.014389888854167603
r_1841	0.014389888854167603
r_1842	0.014389888854167603
r_1843	0.014389888854167603
r_1844	0.014389888854167603
r_1845	0.014389888854167603
r_1846	0.014389888854167603
r_1847	0.014389888854167603
r_1848	0.014389888854167603
r_1849	0.014389888854167603
r_1850	0.014389888854167603
r_1851	0.014389888854167603
r_1852	0.014389888854167603
r_1853	0.014389888854167603
r_1854	0.014389888854167603
r_1855	0.014389888854167603
r_1856	0.014389888854167603
r_1857	0.014389888854167603
r_1858	0.014389888854167603
r_1859	0.014389888854167603
r_1860	0.014389888854167603
r_1861	0.014389888854167603
r_1862	0.014389888854167603
r_1863	0.014389888854167603
r_1864	0.014389888854167603
r_1865	0.014389888854167603
r_1866	0.014389888854167603
r_1867	0.014389888854167603
r_1868	0.014389888854167603
r_1869	0.014389888854167603
r_1870	0.014389888854167603
r_1871	0.014389888854167603
r_1872	0.014389888854167603
r_1873	0.014389888854167603
r_1874	0.014389888854167603
r_1875	0.014389888854167603
r_1876	0.014389888854167603
r_1877	0.014389888854167603
r_1878	0.014389888854167603
r_1879	0.014389888854167603
r_1880	0.014389888854167603
r_1881	0.014389888854167603
r_1882	0.014389888854167603
r_1883	0.014389888854167603
r_1884	0.014389888854167603
r_1885	0.014389888854167603
r_1886	0.014389888854167603
r_1887	0.014389888854167603
r_1888	0.014389888854167603
r_1889	0.014389888854167603
r_1890	0.014389888854167603
r_1891	0.014389888854167603
r_1892	0.014389888854167603
r_1893	0.014389888854167603
r_1894	0.014389888854167603
r_1895	0.014389888854167603
r_1896	0.014389888854167603
r_1897	0.014389888854167603
r_1898	0.014389888854167603
r_1899	0.014389888854167603
r_1900	0.014389888854167603
r_1901	0.014389888854167603
r_1902	0.014389888854167603
r_1903	0.014389888854167603
r_1904	0.014389888854167603
r_1905	0.014389888854167603
r_1906	0.014389888854167603
r_1907	0.014389888854167603
r_1908	0.014389888854167603
r_1909	0.014389888854167603
r_1910	0.014389888854167603
r_1911	0.014389888854167603
r_1912	0.014389888854167603
r_1913	1.0
